{"cameraMode":{"drawMode":0,"name":"Shaded","section":"Shading Mode"},"sceneLighting":true,"audioPlay":false,"sceneViewState":{"m_AlwaysRefresh":false,"showFog":true,"showSkybox":true,"showFlares":true,"showImageEffects":true,"showParticleSystems":true,"showVisualEffectGraphs":true,"m_FxEnabled":true},"in2DMode":false,"pivot":{"x":6.954230308532715,"y":3.046809434890747,"z":0.9749005436897278},"rotation":{"x":0.26393169164657595,"y":-0.007776191458106041,"z":0.0023677097633481027,"w":0.9648739695549011},"size":0.20194141566753388,"orthographic":false}