{"cameraMode":{"drawMode":0,"name":"Shaded","section":"Shading Mode"},"sceneLighting":true,"audioPlay":false,"sceneViewState":{"m_AlwaysRefresh":false,"showFog":true,"showSkybox":true,"showFlares":true,"showImageEffects":true,"showParticleSystems":true,"showVisualEffectGraphs":true,"m_FxEnabled":true},"in2DMode":false,"pivot":{"x":3.7016544342041017,"y":1.9712920188903809,"z":3.2898683547973635},"rotation":{"x":0.041877906769514087,"y":-0.7196122407913208,"z":0.04378413408994675,"w":0.692064106464386},"size":0.6809979677200317,"orthographic":false}