{"cameraMode":{"drawMode":0,"name":"Shaded","section":"Shading Mode"},"sceneLighting":true,"audioPlay":false,"sceneViewState":{"m_AlwaysRefresh":false,"showFog":true,"showSkybox":true,"showFlares":true,"showImageEffects":true,"showParticleSystems":true,"showVisualEffectGraphs":true,"m_FxEnabled":true},"in2DMode":false,"pivot":{"x":1.4761838912963868,"y":1.9906480312347413,"z":4.444000244140625},"rotation":{"x":0.07710757106542587,"y":-0.07741758227348328,"z":0.0060334703885018829,"w":0.9941605925559998},"size":4.742673397064209,"orthographic":false}