{"cameraMode":{"drawMode":0,"name":"Shaded","section":"Shading Mode"},"sceneLighting":true,"audioPlay":false,"sceneViewState":{"m_AlwaysRefresh":false,"showFog":true,"showSkybox":true,"showFlares":true,"showImageEffects":true,"showParticleSystems":true,"showVisualEffectGraphs":true,"m_FxEnabled":true},"in2DMode":false,"pivot":{"x":4.648965358734131,"y":2.786705732345581,"z":0.6437327265739441},"rotation":{"x":0.058195341378450397,"y":-0.0057322680950164799,"z":0.00022309308405965567,"w":0.9986405968666077},"size":0.8321125507354736,"orthographic":false}